<?xml version='1.0' encoding='utf-8'?>
<!DOCTYPE hibernate-configuration PUBLIC
        "-//Hibernate/Hibernate Configuration DTD 3.0//EN"
        "http://hibernate.sourceforge.net/hibernate-configuration-3.0.dtd">
   
<!-- #example: Example Hibernate Configuration # -->
<hibernate-configuration>
	<session-factory>
        <!-- Specify the database driver -->
        <property name="hibernate.connection.driver_class">org.hsqldb.jdbcDriver</property>

        <!-- The JDBC connection string -->
        <property name="hibernate.connection.url">jdbc:hsqldb:mem:database.hsql</property>

        <!-- User name an password for the database -->
        <property name="hibernate.connection.username">sa</property>
        <property name="hibernate.connection.password"></property>

        <!-- Specify the SQl-dialect -->
        <property name="hibernate.dialect">org.hibernate.dialect.HSQLDialect</property>

        <property name="hibernate.show_sql">true</property>
        <!-- Update the database schema if out of date -->
        <property name="hibernate.hbm2ddl.auto">update</property>

        <!-- Add the mapping files for your classes -->
        <mapping resource="com/db4odoc/drs/rdms/Car.cfg.xml"/>
        <mapping resource="com/db4odoc/drs/rdms/Pilot.cfg.xml"/>
        <mapping resource="com/db4odoc/drs/rdms/PilotGroup.cfg.xml"/>

	</session-factory>
</hibernate-configuration>
<!-- #end example # -->