<taskdef name="db4ooptimize" 
         classname="com.db4o.nativequery.main.Db4oFileEnhancerAntTask">
  <classpath>
    <path path="lib/db4o-5.0-java1.x.jar" />
    <path path="lib/db4o-5.0-nqopt.jar" />
    <path path="lib/bloat-1.0.jar" />
    <path path="lib/db4o-5.0-java1.x.jar" />
  </classpath>
</taskdef>

<target name="optimize">
  <db4ooptimize 
      srcdir="bin" 
      targetdir="instrumented" 
      packagefilter="my.package">
    <classpath>
      <path location="lib/my_application.jar" />
      <path path="lib/db4o-5.0-java1.x.jar" />
    </classpath>
  </db4oenhance>
</target>